Year,Month,Day,Hour,Minu,temp_outside_C,rain,WS_ms,WD,IUV,Solar_Wm2
2024,11,21,13,45,15.0000,0.2,4,175,3.7,383
2024,11,21,14,00,15.5556,0.2,0,249,4.6,497
2024,11,21,14,15,15.5556,0.2,6,231,5.8,675
2024,11,21,14,30,16.1111,0.2,0,247,4,506
2024,11,21,14,45,16.1111,0.2,3,190,3,401
2024,11,21,15,00,16.6667,0.2,0,129,2.6,353
2024,11,21,15,15,17.2222,0.2,0,199,2.4,360
2024,11,21,15,31,16.6667,0.2,0,185,1.4,229
2024,11,21,15,45,16.6667,0.2,0,168,1.5,241
2024,11,21,16,00,16.6667,0.2,0,122,0.5,81
2024,11,21,16,16,14.4444,0.2,0,111,0,39
2024,11,21,16,30,13.8889,0.2,0,318,0,23
2024,11,21,16,45,12.2222,0.2,6,228,0,19
2024,11,21,17,00,11.6667,0.2,2,218,0,19
2024,11,21,17,15,11.1111,0.2,8,169,0,14
2024,11,21,17,30,11.1111,0.2,0,175,0,26
2024,11,21,17,46,11.1111,0.2,0,202,0,42
2024,11,21,18,00,11.1111,0.2,0,129,0,32
2024,11,21,18,15,10.0000,0.2,0,312,0,19
2024,11,21,18,31,10.0000,0.2,0,340,0,12
2024,11,21,18,45,10.0000,0.2,0,349,0,0
2024,11,21,19,00,10.0000,0.2,0,348,0,0
2024,11,21,19,15,10.0000,0.2,0,349,0,0
2024,11,21,19,30,10.0000,0.2,0,351,0,0
2024,11,21,19,45,10.0000,0.2,0,69,0,0
2024,11,21,20,00,10.5556,0.2,0,70,0,0
2024,11,21,20,15,10.5556,0.2,0,70,0,0
2024,11,21,20,31,10.5556,0.2,0,70,0,0
2024,11,21,20,45,10.5556,0.2,0,72,0,0
2024,11,21,21,15,10.5556,0.2,0,73,0,0
2024,11,21,21,15,10.5556,0.2,0,73,0,0
2024,11,21,21,30,10.5556,0.2,0,71,0,0
2024,11,21,21,45,10.5556,0.2,0,70,0,0
2024,11,21,22,01,10.0000,0.2,0,70,0,0
2024,11,21,22,15,10.0000,0.2,0,70,0,0
2024,11,21,22,30,10.0000,0.4,0,70,0,0
2024,11,21,22,45,10.0000,0.4,0,70,0,0
2024,11,21,23,00,10.0000,0.4,0,70,0,0
2024,11,21,23,15,10.0000,0.4,0,70,0,0
2024,11,21,23,30,9.44444,0.4,0,70,0,0
2024,11,21,23,45,9.44444,0.4,0,72,0,0
2024,11,22,00,00,10.0000,0,0,72,0,0
2024,11,22,00,15,9.44444,0,0,72,0,0
2024,11,22,00,31,9.44444,0,0,72,0,0
2024,11,22,00,45,9.44444,0,0,72,0,0
2024,11,22,01,15,9.44444,0,0,72,0,0
2024,11,22,01,15,9.44444,0,0,72,0,0
2024,11,22,01,30,9.44444,0,0,72,0,0
2024,11,22,01,45,9.44444,0,0,72,0,0
2024,11,22,02,00,9.44444,0,0,72,0,0
2024,11,22,02,15,9.44444,0,0,72,0,0
2024,11,22,02,30,9.44444,0,0,72,0,0
2024,11,22,02,46,9.44444,0,0,72,0,0
2024,11,22,03,00,9.44444,0,0,72,0,0
2024,11,22,03,15,9.44444,0,0,70,0,0
2024,11,22,03,30,9.44444,0,0,70,0,0
2024,11,22,03,45,9.44444,0,0,70,0,0
2024,11,22,04,00,9.44444,0,0,70,0,0
2024,11,22,04,15,9.44444,0,0,70,0,0
2024,11,22,04,45,8.88889,0,0,70,0,0
2024,11,22,05,01,8.88889,0,0,70,0,0
2024,11,22,05,15,8.88889,0,0,70,0,0
2024,11,22,05,30,8.88889,0,0,70,0,0
2024,11,22,05,46,9.44444,0,0,69,0,0
2024,11,22,06,00,8.88889,0,0,69,0,5
2024,11,22,06,15,8.88889,0,0,69,0,19
2024,11,22,06,30,9.44444,0,0,69,0,37
2024,11,22,06,45,9.44444,0,0,68,0,54
2024,11,22,07,00,9.44444,0,0,68,0,58
2024,11,22,07,16,9.44444,0,0,65,0,90
2024,11,22,07,30,9.44444,0,0,59,0,113
2024,11,22,07,46,10.0000,0,0,303,0.7,176
2024,11,22,08,00,10.0000,0,0,304,1,213
2024,11,22,08,15,10.5556,0,0,296,1,192
2024,11,22,08,30,11.1111,0,0,287,1.2,202
2024,11,22,08,45,11.1111,0,0,289,1.5,250
2024,11,22,09,00,11.6667,0,0,268,2,272
2024,11,22,09,15,12.2222,0,0,214,3.1,408
2024,11,22,09,30,12.2222,0,0,309,3.4,577
2024,11,22,09,46,12.7778,0,0,277,3.6,388
2024,11,22,10,00,12.7778,0,0,300,5.5,740
2024,11,22,10,30,13.8889,0,0,175,6.8,763
2024,11,22,10,30,13.8889,0,0,175,6.8,763
2024,11,22,10,45,13.8889,0,0,237,3.4,262
2024,11,22,11,00,14.4444,0,0,267,2.9,229
2024,11,22,11,15,13.8889,0,0,303,2.7,207
2024,11,22,11,30,13.8889,0,0,75,3.6,292
2024,11,22,11,45,13.8889,0,0,112,8.3,427
2024,11,22,12,00,14.4444,0,2,122,12.5,911
2024,11,22,12,15,15.5556,0,3,135,10.2,823
2024,11,22,12,30,16.1111,0,2,81,9.7,775
2024,11,22,12,45,17.2222,0,7,74,9.6,831
2024,11,22,13,00,16.1111,0,2,94,10.4,872
2024,11,22,13,15,16.1111,0,4,104,8.4,680
2024,11,22,13,31,17.2222,0,0,129,11.3,925
2024,11,22,13,45,18.3333,0,0,61,9.3,830
2024,11,22,14,00,17.2222,0,0,81,2.5,255
2024,11,22,14,16,15.5556,0,0,39,2.4,243
2024,11,22,14,30,14.4444,0,5,68,2.4,267
2024,11,22,14,45,15.0000,0,10,52,2.3,271
2024,11,22,15,00,15.0000,0,3,70,2.1,269
2024,11,22,15,15,15.5556,0,9,56,2.3,309
2024,11,22,15,31,15.0000,0,2,57,1.6,223
2024,11,22,15,45,15.0000,0,2,97,0.9,134
2024,11,22,16,15,15.0000,0,0,213,0,76
2024,11,22,16,30,14.4444,0,0,260,0,91
2024,11,22,16,45,12.7778,0,0,285,0,107
2024,11,22,17,00,12.7778,0,0,235,0,111
2024,11,22,17,15,13.3333,0,11,100,0,116
2024,11,22,17,31,13.3333,0,3,104,0,98
2024,11,22,17,45,13.8889,0,0,101,0,84
2024,11,22,18,00,13.3333,0,0,240,0,77
2024,11,22,18,15,12.7778,0,1,212,0,47
2024,11,22,18,30,12.7778,0,0,229,0,21
2024,11,22,19,00,12.2222,0,0,347,0,0
2024,11,22,19,00,12.2222,0,0,347,0,0
2024,11,22,19,15,12.2222,0,0,346,0,0
2024,11,22,19,31,12.2222,0,0,345,0,0
2024,11,22,19,45,12.2222,0,0,345,0,0
2024,11,22,20,00,12.2222,0,0,344,0,0
2024,11,22,20,15,12.2222,0,0,344,0,0
2024,11,22,20,30,12.2222,0,0,344,0,0
2024,11,22,20,45,12.2222,0,0,344,0,0
2024,11,22,21,00,11.6667,0,0,344,0,0
2024,11,22,21,15,11.6667,0,0,344,0,0
2024,11,22,21,31,11.6667,0,0,196,0,0
2024,11,22,21,45,11.6667,0,0,199,0,0
2024,11,22,22,15,11.6667,0,0,199,0,0
2024,11,22,22,15,11.6667,0,0,199,0,0
2024,11,22,22,30,11.6667,0,0,267,0,0
2024,11,22,22,45,11.6667,0,0,267,0,0
2024,11,22,23,00,11.6667,0,0,267,0,0
2024,11,22,23,15,11.6667,0,0,267,0,0
2024,11,22,23,30,11.1111,0,0,267,0,0
2024,11,22,23,46,11.1111,0,0,267,0,0
2024,11,23,00,00,11.1111,0,0,267,0,0
2024,11,23,00,15,11.1111,0,0,253,0,0
2024,11,23,00,30,11.1111,0,0,251,0,0
2024,11,23,00,45,11.1111,0,0,254,0,0
2024,11,23,01,01,11.1111,0,0,254,0,0
2024,11,23,01,15,10.5556,0,0,254,0,0
2024,11,23,01,30,10.5556,0,0,254,0,0
2024,11,23,01,45,10.5556,0,0,255,0,0
2024,11,23,02,00,10.0000,0,0,250,0,0
2024,11,23,02,15,10.0000,0,0,197,0,0
2024,11,23,02,30,10.0000,0,0,230,0,0
2024,11,23,02,45,10.0000,0,0,212,0,0
2024,11,23,03,01,10.0000,0,0,213,0,0
2024,11,23,03,15,10.0000,0,0,213,0,0
2024,11,23,03,31,10.0000,0,0,214,0,0
2024,11,23,03,45,10.0000,0,0,253,0,0
2024,11,23,04,00,10.0000,0.2,0,218,0,0
2024,11,23,04,15,10.0000,0.2,0,226,0,0
2024,11,23,04,30,10.0000,0.2,0,226,0,0
2024,11,23,04,45,10.0000,0.2,0,210,0,0
2024,11,23,05,01,10.0000,0.2,0,214,0,0
2024,11,23,05,15,10.0000,0.2,0,216,0,0
2024,11,23,05,45,9.44444,0.2,0,233,0,0
2024,11,23,05,45,9.44444,0.2,0,233,0,0
2024,11,23,06,00,9.44444,0.2,0,235,0,5
2024,11,23,06,15,9.44444,0.2,0,230,0,23
2024,11,23,06,30,9.44444,0.2,0,233,0,58
2024,11,23,06,45,10.0000,0.2,0,220,0,83
2024,11,23,07,00,10.0000,0.2,0,210,0,100
2024,11,23,07,16,10.0000,0.2,0,285,0,90
2024,11,23,07,30,10.0000,0.2,0,268,0.5,113
2024,11,23,08,00,10.5556,0.2,0,218,1.3,302
2024,11,23,08,00,10.5556,0.2,0,218,1.3,302
2024,11,23,08,15,10.5556,0.2,0,299,1.4,230
2024,11,23,08,30,11.1111,0.2,2,232,2,378
2024,11,23,08,45,11.6667,0.2,3,203,3.1,554
2024,11,23,09,00,12.2222,0.2,0,211,2,216
2024,11,23,09,15,12.2222,0.2,0,211,2.6,371
2024,11,23,09,30,13.3333,0.2,1,189,3.9,633
2024,11,23,09,45,13.3333,0.2,0,220,3.9,403
2024,11,23,10,00,12.7778,0.2,0,222,3,320
2024,11,23,10,15,13.8889,0.2,9,212,4.4,860
2024,11,23,10,30,14.4444,0.2,0,185,3.5,309
2024,11,23,10,46,14.4444,0.2,3,197,4.7,432
2024,11,23,11,00,14.4444,0.2,0,223,2.6,206
2024,11,23,11,30,14.4444,0.2,0,229,4.1,357
2024,11,23,11,30,14.4444,0.2,0,229,4.1,357
2024,11,23,11,45,15.0000,0.2,4,210,4.5,367
2024,11,23,12,00,15.0000,0.2,0,297,4.1,313
2024,11,23,12,15,15.0000,0.2,0,316,2.5,183
2024,11,23,12,30,16.1111,0.2,0,223,5,404
2024,11,23,12,46,16.6667,0.2,0,204,5.9,468
2024,11,23,13,00,17.2222,0.2,0,190,11.8,886
2024,11,23,13,15,17.7778,0.2,2,237,3.1,248
2024,11,23,13,30,17.2222,0.2,0,210,2.5,216
2024,11,23,13,45,17.2222,0.2,0,306,5.5,399
2024,11,23,14,00,16.6667,0.2,4,322,8.1,355
2024,11,23,14,15,17.7778,0.2,0,193,3.9,387
2024,11,23,14,30,17.2222,0.2,0,235,2.2,230
2024,11,23,14,46,17.2222,0.2,0,204,2.8,385
2024,11,23,15,00,17.7778,0.2,0,204,2.8,308
2024,11,23,15,15,18.3333,0.2,0,196,5.8,666
2024,11,23,15,30,18.8889,0.2,0,230,2.3,283
2024,11,23,15,45,19.4444,0.2,4,197,3.9,728
2024,11,23,16,00,19.4444,0.2,0,107,2.8,585
2024,11,23,16,15,19.4444,0.2,4,295,2.2,589
2024,11,23,16,30,20.0000,0.2,4,233,0.9,167
2024,11,23,16,45,18.8889,0.2,0,213,0.7,120
2024,11,23,17,00,18.3333,0.2,0,189,0.8,248
2024,11,23,17,16,18.3333,0.2,3,180,0,114
2024,11,23,17,30,17.7778,0.2,0,195,0,72
2024,11,23,17,45,17.2222,0.2,0,114,0,63
2024,11,23,18,01,17.2222,0.2,0,207,0,21
2024,11,23,18,15,17.2222,0.2,0,131,0,0
2024,11,23,18,30,15.0000,0.2,5,93,0,0
2024,11,23,18,46,13.8889,0.2,0,74,0,0
2024,11,23,19,00,13.8889,0.2,0,303,0,0
2024,11,23,19,15,13.3333,0.2,0,293,0,0
2024,11,23,19,31,12.7778,0.2,0,295,0,0
2024,11,23,19,45,12.2222,0.2,0,295,0,0
2024,11,23,20,00,11.6667,0.2,0,292,0,0
2024,11,23,20,15,12.2222,0.2,0,292,0,0
2024,11,23,20,30,11.6667,0.2,0,294,0,0
2024,11,23,20,46,11.6667,0.2,0,294,0,0
2024,11,23,21,00,11.6667,0.2,0,294,0,0
2024,11,23,21,15,11.6667,0.2,0,294,0,0
2024,11,23,21,31,11.6667,0.2,0,294,0,0
2024,11,23,21,45,11.6667,0.2,0,294,0,0
2024,11,23,22,00,11.1111,0.2,0,293,0,0
2024,11,23,22,15,11.6667,0.2,0,294,0,0
2024,11,23,22,30,11.6667,0.2,0,294,0,0
2024,11,23,22,45,11.1111,0.2,0,294,0,0
2024,11,23,23,00,11.6667,0.2,0,294,0,0
2024,11,23,23,15,11.1111,0.2,0,294,0,0
2024,11,23,23,30,11.1111,0.4,0,294,0,0
2024,11,23,23,45,11.1111,0.4,0,288,0,0
2024,11,24,00,15,11.1111,0,0,202,0,0
2024,11,24,00,30,11.1111,0,0,210,0,0
2024,11,24,00,45,11.1111,0,0,211,0,0
2024,11,24,01,01,11.1111,0,0,239,0,0
2024,11,24,01,15,11.1111,0,0,239,0,0
2024,11,24,01,45,11.1111,0,0,239,0,0
2024,11,24,02,00,11.1111,0,0,239,0,0
2024,11,24,02,16,10.5556,0,0,245,0,0
2024,11,24,02,30,10.5556,0,0,243,0,0
2024,11,24,02,45,10.5556,0,0,232,0,0
2024,11,24,03,01,10.5556,0,0,202,0,0
2024,11,24,03,15,10.5556,0,0,210,0,0
2024,11,24,03,30,10.5556,0,0,195,0,0
2024,11,24,03,45,10.5556,0,0,198,0,0
2024,11,24,04,00,10.5556,0,0,205,0,0
2024,11,24,04,15,10.5556,0,0,206,0,0
2024,11,24,04,30,10.5556,0,0,205,0,0
2024,11,24,04,45,10.5556,0,0,204,0,0
2024,11,24,05,01,10.5556,0,0,200,0,0
2024,11,24,05,15,10.5556,0,0,200,0,0
2024,11,24,05,30,10.0000,0,0,202,0,0
2024,11,24,05,45,10.0000,0,0,202,0,0
2024,11,24,06,00,10.0000,0,0,202,0,5
2024,11,24,06,16,10.0000,0,0,202,0,28
2024,11,24,06,30,10.0000,0,0,218,0,39
2024,11,24,06,45,10.0000,0,0,234,0,62
2024,11,24,07,01,10.0000,0,0,253,0,104
2024,11,24,07,15,10.0000,0,0,290,0,148
2024,11,24,07,30,10.0000,0,0,306,0.6,178
2024,11,24,07,45,10.0000,0,0,300,0.7,160
2024,11,24,08,15,10.5556,0,0,306,1.2,183
2024,11,24,08,45,11.1111,0,0,317,1.7,243
2024,11,24,09,00,12.2222,0,0,318,2.1,290
2024,11,24,09,15,12.2222,0,0,318,2.4,302
2024,11,24,09,30,12.2222,0,0,317,4.9,378
2024,11,24,09,46,12.7778,0,0,279,7.3,536
2024,11,24,10,00,13.3333,0,5,296,5.8,888
2024,11,24,10,30,13.8889,0,0,211,4.3,353
2024,11,24,10,30,13.8889,0,0,211,4.3,353
2024,11,24,10,45,14.4444,0,0,205,4.2,362
2024,11,24,11,00,15.0000,0,0,160,5.1,441
2024,11,24,11,16,15.0000,0,0,175,3.6,244
2024,11,24,11,30,15.0000,0,0,147,4.3,313
2024,11,24,11,45,14.4444,0,0,223,4.2,313
2024,11,24,12,01,14.4444,0,0,205,5.9,475
2024,11,24,12,15,15.5556,0,0,175,4.5,323
2024,11,24,12,30,15.5556,0,5,191,4.4,334
2024,11,24,12,45,15.5556,0,0,199,3.2,250
2024,11,24,13,00,15.5556,0,4,324,2.1,156
2024,11,24,13,16,14.4444,0,0,320,1.7,130
2024,11,24,13,30,13.8889,0,0,330,2.4,186
2024,11,24,13,45,13.8889,0,0,330,4,362
2024,11,24,14,00,15.0000,0,0,333,4.9,631
2024,11,24,14,15,15.5556,0,0,335,3.1,290
2024,11,24,14,45,16.6667,0,0,337,3.4,341
2024,11,24,14,45,16.6667,0,0,337,3.4,341
2024,11,24,15,00,17.7778,0,0,214,5.7,424
2024,11,24,15,15,17.7778,0,0,223,4.6,803
2024,11,24,15,31,18.3333,0,0,258,3.6,473
2024,11,24,16,00,17.7778,0,0,312,1.4,195
2024,11,24,16,15,18.3333,0,0,293,1.2,179
2024,11,24,16,30,18.8889,0,0,135,1.3,288
2024,11,24,16,45,18.8889,0,0,144,1.3,387
2024,11,24,17,01,19.4444,0,3,211,1,381
2024,11,24,17,15,18.8889,0,8,199,0.5,109
2024,11,24,17,30,17.2222,0,6,204,0,74
2024,11,24,17,45,16.6667,0,0,191,0,72
2024,11,24,18,00,16.1111,0,0,210,0,51
2024,11,24,18,15,16.1111,0,0,152,0,18
2024,11,24,18,30,16.6667,0,0,109,0,9
2024,11,24,18,45,16.1111,0,0,39,0,0
2024,11,24,19,15,15.5556,0,0,36,0,0
2024,11,24,19,15,15.5556,0,0,36,0,0
2024,11,24,19,30,15.0000,0,0,36,0,0
2024,11,24,19,45,15.0000,0,0,37,0,0
2024,11,24,20,01,14.4444,0,0,37,0,0
2024,11,24,20,15,13.8889,0,0,37,0,0
2024,11,24,20,30,13.8889,0,0,37,0,0
2024,11,24,20,46,13.3333,0,0,37,0,0
2024,11,24,21,00,13.3333,0,0,37,0,0
2024,11,24,21,15,12.7778,0,0,37,0,0
2024,11,24,21,30,12.7778,0,0,36,0,0
2024,11,24,21,45,12.7778,0,0,35,0,0
2024,11,24,22,00,12.2222,0,0,35,0,0
2024,11,24,22,15,12.2222,0,0,36,0,0
2024,11,24,22,30,12.2222,0,0,36,0,0
2024,11,24,22,46,11.6667,0,0,36,0,0
2024,11,24,23,00,11.6667,0,0,36,0,0
2024,11,24,23,31,11.6667,0,0,36,0,0
2024,11,25,00,15,11.1111,0,0,36,0,0
2024,11,25,00,15,11.1111,0,0,36,0,0
2024,11,25,00,30,11.6667,0,0,36,0,0
2024,11,25,00,45,11.6667,0,0,36,0,0
2024,11,25,01,00,11.6667,0,0,36,0,0
2024,11,25,01,15,11.6667,0,0,35,0,0
2024,11,25,01,31,11.6667,0,0,35,0,0
2024,11,25,01,45,11.6667,0,0,35,0,0
2024,11,25,02,00,11.6667,0,0,35,0,0
2024,11,25,02,15,11.6667,0,0,35,0,0
2024,11,25,02,30,11.6667,0,0,37,0,0
2024,11,25,02,45,11.6667,0,0,37,0,0
2024,11,25,03,00,11.1111,0,0,35,0,0
2024,11,25,03,15,11.1111,0,0,58,0,0
2024,11,25,03,30,11.1111,0,0,57,0,0
2024,11,25,03,45,11.1111,0,0,56,0,0
2024,11,25,04,00,11.1111,0,0,58,0,0
2024,11,25,04,16,11.1111,0,0,87,0,0
2024,11,25,04,30,11.1111,0,0,87,0,0
2024,11,25,04,45,11.1111,0,0,87,0,0
2024,11,25,05,01,11.1111,0,0,86,0,0
2024,11,25,05,15,11.1111,0,0,86,0,0
2024,11,25,05,30,11.1111,0,0,86,0,0
2024,11,25,05,46,11.1111,0,0,86,0,0
2024,11,25,06,00,11.1111,0,0,86,0,7
2024,11,25,06,30,11.1111,0,0,85,0,40
2024,11,25,06,30,11.1111,0,0,85,0,40
2024,11,25,06,45,11.1111,0,0,85,0,151
2024,11,25,07,00,12.2222,0,0,85,0,188
2024,11,25,07,15,13.3333,0.2,0,85,0.5,262
2024,11,25,07,30,12.7778,0.2,0,201,0.7,223
2024,11,25,07,45,12.7778,0.2,0,206,1,241
2024,11,25,08,00,12.7778,0.2,0,224,1.4,455
2024,11,25,08,15,13.3333,0.2,0,210,1.7,443
2024,11,25,08,30,13.3333,0.2,2,293,2.6,571
2024,11,25,08,45,13.3333,0.2,0,285,2.9,621
2024,11,25,09,15,15.0000,0.2,0,204,4.2,664
2024,11,25,09,15,15.0000,0.2,0,204,4.2,664
2024,11,25,10,01,15.5556,0.2,1,199,6.5,765
2024,11,25,11,00,17.2222,0.2,0,231,9,805
2024,11,25,11,15,18.3333,0.2,2,138,9.7,828
2024,11,25,12,15,20.0000,0.2,9,246,10.9,856
2024,11,25,13,15,21.1111,0.2,7,226,7,884
2024,11,25,16,01,22.7778,2.2,0,112,1.4,158
2024,11,25,17,45,20.5556,2.2,1,122,0,32
2024,11,25,17,45,20.5556,2.2,1,122,0,32
2024,11,25,18,15,20.5556,2.2,0,163,0,76
2024,11,25,18,30,20.5556,2.2,0,139,0,12
2024,11,25,18,45,20.0000,2.2,0,133,0,5
2024,11,25,19,00,19.4444,2.2,0,163,0,0
2024,11,25,19,15,19.4444,2.2,0,106,0,0
2024,11,25,19,31,18.8889,2.2,0,218,0,0
2024,11,25,19,45,18.3333,2.2,0,339,0,0
2024,11,25,20,00,17.7778,2.2,0,220,0,0
2024,11,25,20,30,17.2222,2.2,0,222,0,0
2024,11,25,20,46,16.6667,2.2,0,222,0,0
2024,11,25,21,00,16.1111,2.2,0,222,0,0
2024,11,25,21,15,16.1111,2.2,0,220,0,0
2024,11,25,21,30,15.5556,2.2,0,220,0,0
2024,11,25,21,45,15.5556,2.2,0,222,0,0
2024,11,25,22,00,15.5556,2.2,0,221,0,0
2024,11,25,22,15,15.0000,2.2,0,218,0,0
2024,11,25,22,30,15.0000,2.2,0,334,0,0
2024,11,25,22,45,15.0000,2.2,0,334,0,0
2024,11,25,23,00,14.4444,2.2,0,334,0,0
2024,11,25,23,15,14.4444,2.2,0,335,0,0
2024,11,25,23,30,13.8889,2.2,0,335,0,0
2024,11,25,23,45,13.8889,2.2,0,16,0,0
2024,11,26,00,00,13.8889,0,0,15,0,0
2024,11,26,00,15,13.3333,0,0,15,0,0
2024,11,26,00,30,13.3333,0,0,15,0,0
2024,11,26,00,45,13.3333,0,0,103,0,0
2024,11,26,01,00,13.3333,0,0,103,0,0
2024,11,26,01,15,12.7778,0,0,101,0,0
2024,11,26,01,31,12.7778,0,0,101,0,0
2024,11,26,01,45,12.7778,0,0,101,0,0
2024,11,26,02,00,12.7778,0,0,191,0,0
2024,11,26,02,16,12.7778,0,0,210,0,0
2024,11,26,02,30,12.7778,0,0,239,0,0
2024,11,26,02,45,12.7778,0,0,240,0,0
2024,11,26,03,01,12.2222,0,0,241,0,0
2024,11,26,03,15,12.2222,0,0,241,0,0
2024,11,26,03,30,12.2222,0,0,241,0,0
2024,11,26,03,45,12.2222,0,0,241,0,0
2024,11,26,04,00,12.2222,0,0,241,0,0
2024,11,26,04,16,12.2222,0,0,241,0,0
2024,11,26,04,30,12.2222,0,0,241,0,0
2024,11,26,04,45,12.2222,0,0,241,0,0
2024,11,26,05,00,12.2222,0,0,241,0,0
2024,11,26,05,15,12.2222,0,0,241,0,0
2024,11,26,05,30,12.2222,0,0,241,0,0
2024,11,26,05,46,12.2222,0,0,241,0,0
2024,11,26,06,00,12.2222,0,0,241,0,9
2024,11,26,06,15,12.2222,0,0,241,0,26
2024,11,26,06,30,12.2222,0,0,241,0,42
2024,11,26,06,45,12.2222,0,0,241,0,60
2024,11,26,07,00,12.2222,0,0,241,0,65
2024,11,26,07,15,12.2222,0,0,241,0,62
2024,11,26,07,30,12.7778,0,0,285,0,98
2024,11,26,07,45,12.7778,0,0,285,0.7,141
2024,11,26,08,00,12.7778,0,0,233,0.9,160
2024,11,26,08,16,13.3333,0,0,235,1.1,216
2024,11,26,08,30,13.8889,0,4,212,1.7,267
2024,11,26,08,45,13.8889,0,0,257,2.5,513
2024,11,26,09,00,14.4444,0,0,175,2.6,520
2024,11,26,10,15,16.6667,0,5,234,7,789
2024,11,26,12,15,18.8889,0,0,222,7.2,705
2024,11,26,12,31,19.4444,0,1,222,7.6,733
2024,11,26,12,45,20.5556,0,8,218,7.6,715
2024,11,26,13,01,20.5556,0,13,246,7.7,754
2024,11,26,13,15,20.0000,0,10,207,8.4,796
2024,11,26,14,00,20.0000,0,12,120,2.2,213
2024,11,26,14,45,20.0000,0,4,247,2.1,204
2024,11,26,14,45,20.0000,0,4,247,2.1,204
2024,11,26,15,15,19.4444,0,4,208,1.6,172
2024,11,26,15,30,19.4444,0,0,203,1.6,188
2024,11,26,15,45,19.4444,0,0,293,1.4,190
2024,11,26,16,00,19.4444,0,0,309,1.3,204
2024,11,26,16,15,19.4444,0,0,291,1.2,216
2024,11,26,16,45,20.0000,0,0,290,0.8,171
2024,11,26,16,45,20.0000,0,0,290,0.8,171
2024,11,26,17,00,19.4444,0,0,285,0.6,148
2024,11,26,17,15,20.0000,0,0,252,0.5,137
2024,11,26,17,30,20.0000,0,0,251,0,123
2024,11,26,17,46,20.0000,0,0,251,0,104
2024,11,26,18,00,19.4444,0,0,214,0,83
2024,11,26,18,30,18.8889,0,0,196,0,33
2024,11,26,18,30,18.8889,0,0,196,0,33
2024,11,26,18,45,18.3333,0,0,145,0,11
2024,11,26,19,00,18.3333,0,0,205,0,0
2024,11,26,19,16,17.7778,0,0,203,0,0
2024,11,26,19,30,17.7778,0,0,203,0,0
2024,11,26,19,45,17.2222,0,0,227,0,0
2024,11,26,20,00,16.6667,0,0,226,0,0
2024,11,26,20,15,16.1111,0,0,225,0,0
2024,11,26,20,31,15.5556,0,0,225,0,0
2024,11,26,20,45,15.5556,0,0,193,0,0
2024,11,26,21,00,15.5556,0,0,193,0,0
2024,11,26,21,15,15.5556,0,0,191,0,0
2024,11,26,21,31,15.5556,0,0,74,0,0
2024,11,26,21,46,15.5556,0,0,70,0,0
2024,11,26,22,00,15.0000,0,0,70,0,0
2024,11,26,22,15,15.0000,0,0,70,0,0
2024,11,26,22,30,15.0000,0,0,260,0,0
2024,11,26,22,45,15.0000,0,0,257,0,0
2024,11,26,23,00,15.0000,0,0,258,0,0
2024,11,26,23,15,14.4444,0,0,241,0,0
2024,11,26,23,30,13.8889,0,0,231,0,0
2024,11,27,00,00,12.7778,0,0,326,0,0
2024,11,27,00,00,12.7778,0,0,326,0,0
2024,11,27,00,15,12.7778,0,0,326,0,0
2024,11,27,00,30,12.7778,0,0,324,0,0
2024,11,27,00,45,13.3333,0,0,214,0,0
2024,11,27,01,00,13.3333,0,0,160,0,0
2024,11,27,01,15,13.3333,0,0,137,0,0
2024,11,27,01,30,12.7778,0,0,144,0,0
2024,11,27,01,46,12.2222,0,0,132,0,0
2024,11,27,02,00,12.2222,0,0,225,0,0
2024,11,27,02,15,11.6667,0,0,299,0,0
2024,11,27,02,30,11.6667,0,0,328,0,0
2024,11,27,02,45,11.6667,0,0,329,0,0
2024,11,27,03,00,11.6667,0,0,329,0,0
2024,11,27,03,15,11.1111,0,0,329,0,0
2024,11,27,03,30,11.1111,0,0,329,0,0
2024,11,27,03,45,11.1111,0,0,327,0,0
2024,11,27,04,00,11.1111,0,0,145,0,0
2024,11,27,04,16,11.6667,0,0,145,0,0
2024,11,27,04,30,12.2222,0,0,126,0,0
2024,11,27,04,45,12.2222,0,0,112,0,0
2024,11,27,05,15,11.6667,0,0,276,0,0
2024,11,27,05,15,11.6667,0,0,276,0,0
2024,11,27,05,30,11.1111,0,0,276,0,0
2024,11,27,05,45,11.1111,0,0,276,0,0
2024,11,27,06,00,11.1111,0,0,237,0,9
2024,11,27,06,15,11.1111,0,0,180,0,18
2024,11,27,06,30,11.1111,0,0,175,0,32
2024,11,27,06,45,11.6667,0,0,175,0,39
2024,11,27,07,15,12.2222,0,0,180,0,49
2024,11,27,07,15,12.2222,0,0,180,0,49
2024,11,27,07,30,12.2222,0,0,180,0,69
2024,11,27,08,00,12.7778,0,0,180,0.5,116
2024,11,27,08,00,12.7778,0,0,180,0.5,116
2024,11,27,08,15,12.7778,0,0,185,0.7,144
2024,11,27,08,30,12.2222,0,0,270,1,199
2024,11,27,08,45,12.7778,0,0,271,1.4,262
2024,11,27,09,00,13.3333,0,0,271,1.8,306
2024,11,27,09,15,13.8889,0,0,271,2.2,341
2024,11,27,09,30,14.4444,0,0,264,2.6,388
2024,11,27,10,00,15.5556,0,0,314,3.8,494
2024,11,27,10,00,15.5556,0,0,314,3.8,494
2024,11,27,10,15,15.0000,0,0,311,4.2,526
2024,11,27,10,30,15.5556,0,0,287,4.9,578
2024,11,27,10,46,16.1111,0,0,326,5.7,647
2024,11,27,11,00,16.6667,0,0,247,6.1,654
2024,11,27,11,15,17.2222,0,0,233,6.5,675
2024,11,27,11,30,17.2222,0,2,261,7.6,752
2024,11,27,11,45,17.7778,0,0,214,8.7,810
2024,11,27,12,00,18.3333,0,0,205,9.4,823
2024,11,27,12,15,18.3333,0,0,348,9.8,842
2024,11,27,12,30,18.8889,0,6,263,9.5,828
2024,11,27,13,00,20.0000,0,0,245,8.8,809
2024,11,27,13,15,20.5556,0,8,264,9.5,860
2024,11,27,13,31,20.5556,0,7,190,9.5,863
2024,11,27,13,45,21.1111,0,3,245,8.6,828
2024,11,27,14,00,21.1111,0,3,243,7.9,802
2024,11,27,14,16,21.1111,0,4,252,7.9,847
2024,11,27,14,30,22.2222,0,0,288,7.3,831
2024,11,27,14,45,22.2222,0,0,194,6.2,849
2024,11,27,15,00,21.6667,0,3,271,1.7,202
2024,11,27,15,15,21.1111,0,11,249,1.3,165
2024,11,27,15,30,21.1111,0,4,54,1.1,146
2024,11,27,15,45,20.5556,0,0,102,1.2,174
2024,11,27,16,00,20.5556,0,0,175,1.3,202
2024,11,27,16,15,20.5556,0,4,76,1.2,213
2024,11,27,16,30,21.1111,0,3,54,1,193
2024,11,27,16,45,21.1111,0,0,72,0.8,165
2024,11,27,17,00,20.5556,0,0,47,0.6,149
2024,11,27,17,15,20.5556,0,0,38,0.5,163
2024,11,27,17,30,20.5556,0,0,211,0,132
2024,11,27,17,45,20.0000,0,0,166,0,53
2024,11,27,18,15,18.8889,0,0,234,0,12
2024,11,27,18,15,18.8889,0,0,234,0,12
2024,11,27,18,30,18.3333,0,3,259,0,5
2024,11,27,18,45,17.7778,0,0,294,0,0
2024,11,27,19,15,15.0000,0,0,285,0,0
2024,11,27,19,15,15.0000,0,0,285,0,0
2024,11,27,19,30,14.4444,0.2,5,18,0,0
2024,11,27,19,45,13.3333,0.4,1,316,0,0
2024,11,27,20,15,12.7778,0.4,0,24,0,0
2024,11,27,20,15,12.7778,0.4,0,24,0,0
2024,11,27,20,30,13.3333,0.4,0,351,0,0
2024,11,27,20,45,12.7778,0.4,0,235,0,0
2024,11,27,21,00,12.2222,0.6,0,233,0,0
2024,11,27,21,15,12.2222,1.2,0,231,0,0
2024,11,27,21,30,11.1111,1.6,0,156,0,0
2024,11,27,21,46,11.1111,1.6,0,156,0,0
2024,11,27,22,00,11.6667,1.6,0,155,0,0
2024,11,27,22,15,11.6667,1.6,0,159,0,0
2024,11,27,22,30,11.6667,1.6,0,159,0,0
2024,11,27,22,46,11.1111,1.6,0,159,0,0
2024,11,27,23,00,11.1111,1.6,0,159,0,0
2024,11,27,23,15,11.1111,1.6,0,159,0,0
2024,11,27,23,30,11.6667,1.6,0,159,0,0
2024,11,27,23,45,11.6667,1.6,0,159,0,0
2024,11,28,00,00,12.2222,0,0,159,0,0
2024,11,28,00,16,12.2222,0,0,159,0,0
2024,11,28,00,30,12.2222,0,0,159,0,0
2024,11,28,00,45,12.2222,0,0,159,0,0
2024,11,28,01,00,12.2222,0,0,159,0,0
2024,11,28,01,15,12.2222,0,0,159,0,0
2024,11,28,01,30,12.7778,0,0,159,0,0
2024,11,28,02,00,12.2222,0,0,158,0,0
2024,11,28,02,00,12.2222,0,0,158,0,0
2024,11,28,02,15,12.2222,0,0,158,0,0
2024,11,28,02,30,12.2222,0,0,160,0,0
2024,11,28,02,45,12.2222,0,0,160,0,0
2024,11,28,03,01,12.2222,0,0,158,0,0
2024,11,28,03,15,12.2222,0,0,161,0,0
2024,11,28,03,30,12.2222,0,0,161,0,0
2024,11,28,03,45,12.2222,0,0,161,0,0
2024,11,28,04,00,12.2222,0,0,161,0,0
2024,11,28,04,16,12.2222,0,0,161,0,0
2024,11,28,04,30,12.2222,0,0,161,0,0
2024,11,28,04,45,12.2222,0,0,161,0,0
2024,11,28,05,00,12.2222,0,0,161,0,0
2024,11,28,05,30,11.6667,0,0,161,0,0
2024,11,28,05,30,11.6667,0,0,161,0,0
2024,11,28,05,45,11.6667,0,0,161,0,0
2024,11,28,06,15,11.1111,0,0,161,0,19
2024,11,28,06,30,11.1111,0,0,161,0,84
2024,11,28,06,45,12.2222,0,0,161,0,125
2024,11,28,07,00,12.7778,0,0,161,0,176
2024,11,28,07,15,13.8889,0,0,161,0.5,232
2024,11,28,07,30,14.4444,0,0,161,0.7,288
2024,11,28,07,45,15.0000,0,0,162,1,341
2024,11,28,08,00,13.8889,0,0,310,1.3,390
2024,11,28,08,16,14.4444,0,0,277,1.8,476
2024,11,28,08,30,15.0000,0,0,245,2.2,540
2024,11,28,08,45,15.5556,0,1,228,2.8,564
2024,11,28,09,30,16.6667,0,1,195,4.6,784
2024,11,28,09,46,17.2222,0,0,199,5.4,747
2024,11,28,10,00,18.3333,0,2,194,5.7,754
2024,11,28,10,15,17.2222,0,2,243,6.7,833
2024,11,28,10,45,16.6667,0,2,37,0.6,60
2024,11,28,10,45,16.6667,0,2,37,0.6,60
2024,11,28,11,00,13.3333,1.2,2,27,0.8,95
2024,11,28,11,15,12.7778,1.6,2,64,2.5,258
2024,11,28,11,31,13.3333,1.6,0,185,2.6,278
2024,11,28,11,45,13.8889,1.6,0,314,3.8,388
2024,11,28,12,00,14.4444,1.6,0,314,5.7,552
2024,11,28,12,15,15.0000,1.6,0,318,4.6,417
2024,11,28,12,30,15.5556,1.6,0,246,3.5,334
2024,11,28,12,45,16.1111,1.6,0,244,2,206
2024,11,28,13,00,16.6667,1.6,0,220,1.5,171
2024,11,28,13,15,16.6667,1.6,0,221,1.3,151
2024,11,28,13,30,17.2222,1.6,0,221,1.2,142
2024,11,28,13,45,17.2222,1.6,0,220,1.2,141
2024,11,28,14,00,17.2222,1.6,0,233,1.1,132
2024,11,28,14,15,16.6667,1.6,0,344,1,130
2024,11,28,14,31,16.6667,1.6,0,337,1.1,139
2024,11,28,14,45,16.6667,1.6,0,58,1.3,162
2024,11,28,15,00,17.2222,1.6,0,61,1.5,206
2024,11,28,15,15,17.2222,1.6,0,56,1.7,244
2024,11,28,15,30,17.2222,1.6,0,52,1.6,251
2024,11,28,15,46,17.2222,1.6,0,41,1.7,285
2024,11,28,16,00,17.7778,1.6,0,135,1.6,304
2024,11,28,16,15,18.3333,1.6,2,163,1.4,299
2024,11,28,16,30,18.3333,1.6,0,156,1.2,295
2024,11,28,16,45,17.7778,1.6,0,246,0.9,232
2024,11,28,17,00,18.3333,1.6,6,201,0.7,192
2024,11,28,17,15,17.7778,1.6,0,270,0.5,149
2024,11,28,17,30,17.7778,1.6,0,200,0,120
2024,11,28,17,45,17.7778,1.6,0,200,0,100
2024,11,28,18,00,18.3333,1.6,0,197,0,109
2024,11,28,18,30,17.7778,1.6,0,191,0,30
2024,11,28,18,45,17.2222,1.6,0,107,0,11
2024,11,28,19,00,17.2222,1.6,0,143,0,0
2024,11,28,19,16,16.6667,1.6,0,144,0,0
2024,11,28,19,30,15.5556,1.6,0,143,0,0
2024,11,28,19,45,15.5556,1.6,0,143,0,0
2024,11,28,20,00,15.0000,1.6,0,143,0,0
2024,11,28,20,30,14.4444,1.6,0,145,0,0
2024,11,28,20,30,14.4444,1.6,0,145,0,0
2024,11,28,20,45,13.8889,1.6,0,145,0,0
2024,11,28,21,00,13.3333,1.6,0,145,0,0
2024,11,28,21,15,13.3333,1.6,0,145,0,0
2024,11,28,21,30,13.3333,1.6,0,146,0,0
2024,11,28,21,46,12.7778,1.6,0,191,0,0
2024,11,28,22,00,12.7778,1.6,0,191,0,0
2024,11,28,22,15,12.7778,1.6,0,190,0,0
2024,11,28,22,30,12.2222,1.6,0,190,0,0
2024,11,28,22,45,12.2222,1.6,0,190,0,0
2024,11,28,23,00,12.2222,1.6,0,190,0,0
2024,11,28,23,15,12.2222,1.6,0,191,0,0
2024,11,28,23,30,12.2222,1.6,0,282,0,0
2024,11,28,23,45,12.2222,1.6,0,310,0,0
2024,11,29,00,01,12.2222,0,0,310,0,0
2024,11,29,00,15,11.6667,0,0,313,0,0
2024,11,29,00,30,11.6667,0,0,328,0,0
2024,11,29,00,45,11.6667,0,0,320,0,0
2024,11,29,01,01,11.6667,0,0,321,0,0
2024,11,29,01,15,11.6667,0,0,319,0,0
2024,11,29,01,30,11.1111,0.2,0,168,0,0
2024,11,29,02,00,10.5556,0.8,0,175,0,0
2024,11,29,02,30,10.0000,0.8,0,200,0,0
2024,11,29,02,30,10.0000,0.8,0,200,0,0
2024,11,29,02,45,10.0000,0.8,0,197,0,0
2024,11,29,03,00,9.44444,0.8,0,197,0,0
2024,11,29,03,15,9.44444,0.8,0,197,0,0
2024,11,29,03,30,9.44444,0.8,0,197,0,0
2024,11,29,03,45,9.44444,0.8,0,191,0,0
2024,11,29,04,00,9.44444,0.8,0,190,0,0
2024,11,29,04,15,9.44444,0.8,0,190,0,0
2024,11,29,04,30,9.44444,0.8,0,191,0,0
2024,11,29,04,45,9.44444,0.8,0,191,0,0
2024,11,29,05,00,9.44444,0.8,0,191,0,0
2024,11,29,05,15,8.88889,1,0,191,0,0
2024,11,29,05,30,8.88889,1,0,191,0,0
2024,11,29,05,45,8.88889,1,0,191,0,0
2024,11,29,06,00,8.88889,1,0,191,0,11
2024,11,29,06,15,8.88889,1,0,191,0,28
2024,11,29,06,30,8.88889,1,0,191,0,74
2024,11,29,06,45,9.44444,1,0,191,0,118
2024,11,29,07,00,10.0000,1,0,190,0,174
2024,11,29,07,15,10.0000,1,0,192,0,213
2024,11,29,07,46,11.1111,1,0,255,0.8,102
2024,11,29,08,00,11.1111,1,0,304,1.3,155
2024,11,29,08,30,12.2222,1,0,264,2.3,531
2024,11,29,08,30,12.2222,1,0,264,2.3,531
2024,11,29,08,45,12.7778,1,0,274,2.8,548
2024,11,29,09,15,13.8889,1,5,199,4,640
2024,11,29,09,15,13.8889,1,5,199,4,640
2024,11,29,09,30,13.8889,1,0,271,4.9,738
2024,11,29,10,00,14.4444,1,0,256,4.3,436
2024,11,29,10,15,14.4444,1,0,306,3.4,348
2024,11,29,10,30,15.0000,1,0,222,5.2,603
2024,11,29,11,00,16.1111,1,0,346,2.8,287
2024,11,29,11,00,16.1111,1,0,346,2.8,287
2024,11,29,11,15,15.5556,1,0,360,1.7,169
2024,11,29,11,30,15.0000,1,5,95,1.2,127
2024,11,29,11,45,14.4444,1,3,65,1.3,146
2024,11,29,12,00,15.0000,1,0,39,2,216
2024,11,29,12,15,15.0000,1,4,38,2.8,281
2024,11,29,12,30,16.1111,1,4,13,3.3,336
2024,11,29,12,45,16.1111,1,8,54,3.4,350
2024,11,29,13,00,16.1111,1,7,13,3.4,353
2024,11,29,13,16,16.6667,1,0,28,3.2,345
2024,11,29,13,30,17.2222,1,0,24,3.5,373
2024,11,29,13,45,17.2222,1,0,230,4.2,450
2024,11,29,14,00,17.7778,1,8,189,4.7,513
2024,11,29,14,16,17.7778,1,5,264,5,568
2024,11,29,14,30,17.7778,1,3,206,5.2,596
2024,11,29,14,45,18.8889,1,0,214,5.2,629
2024,11,29,15,01,18.8889,1,0,326,4.9,649
2024,11,29,15,15,19.4444,1,0,240,4.5,657
2024,11,29,15,45,19.4444,1,0,193,3.5,640
2024,11,29,15,45,19.4444,1,0,193,3.5,640
2024,11,29,16,00,19.4444,1,6,175,3,592
2024,11,29,16,15,20.5556,1,7,185,2.3,548
2024,11,29,16,30,20.5556,1,3,195,1.9,494
2024,11,29,16,45,20.5556,1,0,162,1.5,441
2024,11,29,17,00,20.0000,1,9,213,1.1,381
2024,11,29,17,15,20.0000,1,9,226,0.8,330
2024,11,29,17,30,20.0000,1,0,220,0.5,267
2024,11,29,17,45,20.0000,1,3,199,0,206
2024,11,29,18,00,19.4444,1,0,228,0,114
2024,11,29,18,15,18.8889,1,0,233,0,16
2024,11,29,18,30,18.3333,1,0,239,0,11
2024,11,29,18,45,17.7778,1,0,195,0,5
2024,11,29,19,00,17.2222,1,0,189,0,0
2024,11,29,19,16,17.2222,1,0,160,0,0
2024,11,29,19,30,16.6667,1,0,105,0,0
2024,11,29,19,45,16.1111,1,0,161,0,0
2024,11,29,20,00,16.1111,1,0,141,0,0
2024,11,29,20,15,15.5556,1,0,133,0,0
2024,11,29,20,30,15.0000,1,0,134,0,0
2024,11,29,20,45,14.4444,1,0,134,0,0
2024,11,29,21,00,14.4444,1,0,124,0,0
2024,11,29,21,15,13.8889,1,0,123,0,0
2024,11,29,21,30,13.8889,1,0,123,0,0
2024,11,29,21,45,13.3333,1,0,123,0,0
2024,11,29,22,00,13.3333,1,0,72,0,0
2024,11,29,22,16,12.7778,1,0,71,0,0
2024,11,29,22,30,12.7778,1,0,71,0,0
2024,11,29,22,45,12.7778,1,0,71,0,0
2024,11,29,23,15,12.2222,1,0,71,0,0
2024,11,29,23,15,12.2222,1,0,71,0,0
2024,11,29,23,30,11.6667,1,0,71,0,0
2024,11,29,23,45,11.6667,1,0,71,0,0
2024,11,30,00,00,11.6667,0,0,70,0,0
2024,11,30,00,15,11.1111,0,0,71,0,0
2024,11,30,00,30,11.1111,0,0,71,0,0
2024,11,30,00,45,11.1111,0,0,71,0,0
2024,11,30,01,01,10.5556,0,0,71,0,0
2024,11,30,01,15,10.5556,0,0,70,0,0
2024,11,30,01,45,10.0000,0,0,70,0,0
2024,11,30,01,45,10.0000,0,0,70,0,0
2024,11,30,02,00,10.0000,0,0,70,0,0
2024,11,30,02,15,10.0000,0,0,70,0,0
2024,11,30,02,30,10.0000,0,0,70,0,0
2024,11,30,02,45,10.0000,0,0,70,0,0
2024,11,30,03,00,10.0000,0,0,70,0,0
2024,11,30,03,15,10.0000,0,0,70,0,0
2024,11,30,03,30,10.0000,0,0,72,0,0
2024,11,30,03,45,10.0000,0,0,70,0,0
2024,11,30,04,00,10.0000,0,0,68,0,0
2024,11,30,04,15,10.0000,0,0,68,0,0
2024,11,30,04,30,10.0000,0,0,68,0,0
2024,11,30,04,45,10.0000,0,0,68,0,0
2024,11,30,05,00,10.0000,0,0,68,0,0
2024,11,30,05,16,10.0000,0,0,68,0,0
2024,11,30,05,30,10.0000,0,0,8,0,0
2024,11,30,05,45,10.0000,0,0,8,0,0
2024,11,30,06,00,10.0000,0,0,8,0,5
2024,11,30,06,15,10.0000,0,0,7,0,14
2024,11,30,06,30,10.0000,0,0,6,0,26
2024,11,30,06,45,10.0000,0,0,4,0,49
2024,11,30,07,00,10.5556,0,0,4,0,81
2024,11,30,07,15,11.1111,0,0,6,0,100
2024,11,30,07,30,11.1111,0,0,6,0.5,111
2024,11,30,07,45,11.1111,0,3,258,1,216
2024,11,30,08,00,11.1111,0,2,281,1.3,350
2024,11,30,08,15,11.6667,0,0,316,1.7,427
2024,11,30,08,30,12.2222,0,0,339,2.1,441
2024,11,30,08,46,12.7778,0,3,316,2.7,547
2024,11,30,09,00,13.3333,0,0,342,3.3,603
2024,11,30,09,30,16.1111,0,0,151,4.5,687
2024,11,30,09,30,16.1111,0,0,151,4.5,687
2024,11,30,09,45,16.1111,0,0,270,5.3,722
2024,11,30,10,15,17.2222,0,3,199,6.7,768
2024,11,30,10,15,17.2222,0,3,199,6.7,768
2024,11,30,10,30,17.2222,0,0,229,7.4,802
2024,11,30,11,00,18.8889,0,0,217,8.6,835
2024,11,30,11,00,18.8889,0,0,217,8.6,835
2024,11,30,11,15,20.0000,0,6,175,5.9,865
2024,11,30,11,30,19.4444,0,3,214,9.3,826
2024,11,30,11,46,20.0000,0,7,197,10.5,888
2024,11,30,12,00,19.4444,0,5,138,11,909
2024,11,30,12,15,20.0000,0,2,171,11.4,916
2024,11,30,12,31,19.4444,0,0,264,2.3,178
2024,11,30,12,45,18.8889,0,0,241,1.2,102
2024,11,30,13,00,18.3333,0.2,0,279,1,84
2024,11,30,13,30,16.6667,0.6,0,278,3.4,306
2024,11,30,13,45,17.2222,0.6,0,282,3.4,338
2024,11,30,14,00,17.7778,0.6,0,322,3.3,334
2024,11,30,14,15,18.3333,0.6,0,322,2.8,297
2024,11,30,14,30,17.7778,0.6,1,321,2.8,309
2024,11,30,14,45,18.3333,0.6,0,307,6.6,529
2024,11,30,15,00,19.4444,0.6,0,253,2.3,315
2024,11,30,15,15,19.4444,0.6,0,126,4.6,819
2024,11,30,15,30,19.4444,0.6,0,117,2.7,605
2024,11,30,15,45,19.4444,0.6,4,157,3.4,686
2024,11,30,16,00,19.4444,0.8,0,104,3,696
2024,11,30,16,15,20.0000,0.8,3,340,1.3,267
2024,11,30,16,31,20.0000,0.8,2,62,1.2,285
2024,11,30,16,45,20.0000,0.8,0,91,0.9,234
2024,11,30,17,00,20.0000,0.8,0,65,0.6,176
2024,11,30,17,15,20.0000,0.8,3,92,0,137
2024,11,30,17,30,19.4444,0.8,0,116,0,107
2024,11,30,18,00,18.8889,0.8,0,151,0,51
2024,11,30,18,15,18.8889,0.8,0,229,0,35
2024,11,30,18,31,18.8889,0.8,0,123,0,16
2024,11,30,18,45,18.3333,0.8,0,141,0,7
2024,11,30,19,00,17.7778,0.8,0,214,0,0
2024,11,30,19,15,17.2222,0.8,0,228,0,0
2024,11,30,19,45,16.6667,0.8,0,239,0,0
2024,11,30,19,45,16.6667,0.8,0,239,0,0
2024,11,30,20,00,16.1111,0.8,2,214,0,0
2024,11,30,20,15,15.5556,0.8,1,255,0,0
2024,11,30,20,45,12.2222,3.8,0,285,0,0
2024,11,30,20,45,12.2222,3.8,0,285,0,0
2024,11,30,21,00,11.6667,4.4,3,118,0,0
2024,11,30,21,15,10.5556,5,0,143,0,0
2024,11,30,21,30,10.5556,6,0,141,0,0
2024,11,30,21,45,10.5556,6.6,0,141,0,0
2024,11,30,22,00,10.5556,8.2,0,141,0,0
2024,11,30,22,16,10.5556,10.2,0,141,0,0
2024,11,30,22,30,10.5556,11,0,140,0,0
2024,11,30,22,45,10.5556,11.4,0,141,0,0
2024,11,30,23,00,10.5556,11.8,0,264,0,0
2024,11,30,23,15,10.0000,12.8,0,171,0,0
2024,11,30,23,45,10.0000,13.8,6,114,0,0
2024,11,30,23,45,10.0000,13.8,6,114,0,0
2024,12,01,00,00,10.0000,0,0,102,0,0
2024,12,01,00,15,10.0000,0,3,116,0,0
2024,12,01,00,30,10.5556,0,0,191,0,0
2024,12,01,00,45,10.5556,0,5,271,0,0
2024,12,01,01,00,10.0000,0,0,272,0,0
2024,12,01,01,15,10.0000,0,4,289,0,0
2024,12,01,01,30,10.5556,0,0,263,0,0
2024,12,01,01,45,10.5556,0,0,263,0,0
2024,12,01,02,01,10.5556,0,0,263,0,0
2024,12,01,02,15,10.5556,0,0,263,0,0
2024,12,01,02,30,10.0000,0.2,0,263,0,0
2024,12,01,02,45,10.0000,0.2,0,264,0,0
2024,12,01,03,00,10.0000,0.2,0,264,0,0
2024,12,01,03,15,10.0000,0.2,0,264,0,0
2024,12,01,03,30,10.0000,0.2,0,264,0,0
2024,12,01,03,45,10.0000,0.2,0,264,0,0
2024,12,01,04,00,10.0000,0.2,0,264,0,0
2024,12,01,04,16,10.0000,0.2,0,264,0,0
2024,12,01,04,30,10.0000,0.2,0,264,0,0
2024,12,01,04,45,10.0000,0.2,0,264,0,0
2024,12,01,05,00,10.0000,0.2,0,264,0,0
2024,12,01,05,15,10.0000,0.2,0,264,0,0
2024,12,01,05,30,10.0000,0.2,0,265,0,0
2024,12,01,05,45,10.0000,0.2,0,265,0,0
2024,12,01,06,15,10.0000,0.2,0,265,0,9
2024,12,01,06,15,10.0000,0.2,0,265,0,9
2024,12,01,06,30,10.0000,0.2,0,265,0,21
2024,12,01,06,45,10.0000,0.2,0,265,0,40
2024,12,01,07,01,10.0000,0.2,0,265,0,77
2024,12,01,07,15,10.5556,0.2,0,265,0,93
2024,12,01,07,30,10.5556,0.2,0,265,0,76
2024,12,01,07,46,10.5556,0.2,0,265,0,97
2024,12,01,08,00,11.1111,0.2,0,265,0,109
2024,12,01,08,15,11.1111,0.2,0,265,0.5,116
2024,12,01,08,31,11.1111,0.2,0,265,0.9,192
2024,12,01,08,45,11.6667,0.2,0,265,1.3,262
2024,12,01,09,00,12.2222,0.2,0,265,1.7,304
2024,12,01,09,15,12.7778,0.2,0,264,2.2,346
2024,12,01,09,30,13.3333,0.2,0,264,2.5,374
2024,12,01,09,45,13.3333,0.2,0,312,2.7,362
2024,12,01,10,00,13.3333,0.2,0,310,2.8,373
2024,12,01,10,15,13.8889,0.2,0,314,3.6,438
2024,12,01,10,30,14.4444,0.2,0,322,4.2,496
2024,12,01,10,45,14.4444,0.2,0,336,4.4,496
2024,12,01,11,00,15.0000,0.2,0,270,5,554
2024,12,01,11,15,15.5556,0.2,1,221,5.2,548
2024,12,01,11,31,16.1111,0.2,5,231,5,517
2024,12,01,11,45,16.1111,0.2,0,219,4.9,485
2024,12,01,12,00,15.5556,0.2,0,311,5,487
2024,12,01,12,16,15.0000,0.2,0,327,5.1,501
2024,12,01,12,30,15.5556,0.2,0,289,4.6,445
2024,12,01,12,45,16.1111,0.2,0,318,4.7,452
2024,12,01,13,00,16.6667,0.2,2,251,4.1,383
2024,12,01,13,16,16.6667,0.2,0,239,4.3,403
2024,12,01,13,30,17.2222,0.2,0,247,4.9,464
2024,12,01,13,45,17.7778,0.2,3,101,5.8,621
2024,12,01,14,00,16.6667,0.2,4,322,6.4,700
2024,12,01,14,15,17.2222,0.2,3,318,5.9,661
2024,12,01,14,30,17.2222,0.2,6,328,6.4,745
2024,12,01,15,00,18.8889,0.2,7,240,5,494
2024,12,01,15,00,18.8889,0.2,7,240,5,494
2024,12,01,15,15,18.3333,0.2,3,271,2.4,276
2024,12,01,15,30,17.2222,0.2,2,234,1.4,142
2024,12,01,15,46,17.2222,0.2,0,213,1.1,123
2024,12,01,16,00,17.2222,0.2,0,207,1,121
2024,12,01,16,15,17.2222,0.2,0,280,0.8,113
2024,12,01,16,31,16.6667,0.2,0,314,0.6,86
2024,12,01,16,45,17.2222,0.2,0,256,0.5,95
2024,12,01,17,00,16.1111,0.2,5,239,0,95
2024,12,01,17,15,16.1111,0.2,10,228,0,114
2024,12,01,17,31,16.6667,0.2,0,244,0,172
2024,12,01,17,45,17.2222,0.2,0,239,0,192
2024,12,01,18,00,17.2222,0.2,0,353,0,156
2024,12,01,18,15,16.6667,0.2,0,331,0,54
2024,12,01,18,45,16.1111,0.2,0,331,0,7
2024,12,01,18,45,16.1111,0.2,0,331,0,7
2024,12,01,19,00,15.5556,0.2,0,331,0,0
2024,12,01,19,15,15.5556,0.2,0,331,0,0
2024,12,01,19,30,15.5556,0.2,0,331,0,0
2024,12,01,19,45,15.5556,0.2,0,332,0,0
2024,12,01,20,00,15.5556,0.2,0,333,0,0
2024,12,01,20,15,15.5556,0.2,0,333,0,0
2024,12,01,20,31,15.5556,0.2,0,333,0,0
2024,12,01,20,45,15.5556,0.2,0,333,0,0
2024,12,01,21,00,15.5556,0.2,0,333,0,0
2024,12,01,21,15,15.0000,0.2,0,333,0,0
2024,12,01,21,30,14.4444,0.2,0,333,0,0
2024,12,01,21,45,13.8889,0.2,0,333,0,0
2024,12,01,22,00,13.8889,0.2,0,333,0,0
2024,12,01,22,16,13.8889,0.2,0,333,0,0
2024,12,01,22,30,13.8889,0.2,0,332,0,0
2024,12,01,22,45,13.3333,0.2,0,332,0,0
2024,12,01,23,00,13.3333,0.2,0,333,0,0
2024,12,01,23,16,13.3333,0.2,0,333,0,0
2024,12,01,23,30,12.7778,0.2,0,333,0,0
2024,12,01,23,45,12.7778,0.2,0,333,0,0
2024,12,02,00,00,12.7778,0,0,312,0,0
2024,12,02,00,15,12.2222,0,0,313,0,0
2024,12,02,00,30,12.2222,0,0,313,0,0
2024,12,02,00,45,12.2222,0,0,313,0,0
2024,12,02,01,00,12.2222,0,0,313,0,0
2024,12,02,01,15,12.2222,0,0,313,0,0
2024,12,02,01,30,11.6667,0,0,313,0,0
2024,12,02,01,45,11.6667,0,0,313,0,0
2024,12,02,02,00,11.6667,0,0,313,0,0
2024,12,02,02,15,11.6667,0,0,4,0,0
2024,12,02,02,31,11.6667,0,0,115,0,0
2024,12,02,02,45,11.6667,0,0,115,0,0
2024,12,02,03,16,11.6667,0,0,115,0,0
2024,12,02,03,30,11.1111,0,0,115,0,0
2024,12,02,03,45,11.1111,0,0,115,0,0
2024,12,02,04,00,11.1111,0,0,114,0,0
2024,12,02,04,30,11.1111,0,0,117,0,0
2024,12,02,04,45,10.5556,0,0,117,0,0
2024,12,02,05,01,10.5556,0,0,117,0,0
2024,12,02,05,15,10.5556,0,0,117,0,0
2024,12,02,05,30,10.5556,0,0,117,0,0
2024,12,02,05,45,10.5556,0,0,117,0,0
2024,12,02,06,00,10.5556,0,0,117,0,7
2024,12,02,06,15,10.5556,0,0,116,0,21
2024,12,02,06,30,10.5556,0,0,116,0,35
2024,12,02,06,45,10.5556,0,0,116,0,54
2024,12,02,07,01,11.1111,0,0,116,0,121
2024,12,02,07,15,11.6667,0,0,116,0,109
2024,12,02,07,30,11.6667,0,0,116,0.5,156
2024,12,02,07,45,12.2222,0,0,134,0.9,239
2024,12,02,08,00,12.7778,0,0,134,1.4,450
2024,12,02,08,30,16.1111,0,0,135,2.1,557
2024,12,02,08,30,16.1111,0,0,135,2.1,557
2024,12,02,09,00,17.2222,0,0,143,3.2,601
2024,12,02,09,30,17.2222,0,0,303,4.4,710
2024,12,02,09,45,17.7778,0,0,249,4.5,564
2024,12,02,10,00,18.8889,0,3,220,5.8,751
2024,12,02,10,15,19.4444,0,0,157,6.5,768
2024,12,02,10,30,19.4444,0,0,237,7.1,789
2024,12,02,10,46,20.0000,0,0,233,7.9,798
2024,12,02,11,00,20.5556,0,3,145,8.7,816
2024,12,02,11,15,20.5556,0,0,199,9,810
2024,12,02,11,31,21.1111,0,0,16,9.4,823
2024,12,02,11,45,21.1111,0,4,230,9.6,851
2024,12,02,12,00,21.1111,0,0,220,10,861
2024,12,02,12,15,21.6667,0,0,136,10.7,745
2024,12,02,12,30,22.2222,0,0,220,5.4,462
